,Phones,Prices,Reviews
0,"Honor 200 Pro 5G (Ocean Cyan, 512 GB)","₹41,999",4.1
1,"IQOO Neo9 Pro (Fiery Red, 256 GB)","₹41,999",4.5
2,"SAMSUNG Galxy S24 FE 5G (Mint, 128 GB)","₹44,999",4.5
3,"Google Pixel 7a (Charcoal, 128 GB)","₹41,999",4.1
4,"Motorola Edge 50 Ultra 5G (Forest Grey, 512 GB)","₹49,999",4.4
5,"OPPO Reno13 5G (Sky Blue, 512 GB)","₹43,999",4.6
6,"IQOO 12 5G (Alpha, 256 GB)","₹47,895",4.5
7,"vivo V50 5G (Starry Night, 512 GB)","₹40,999",4.6
8,"SAMSUNG Galaxy A56 5G (Awesome Graphite, 256 GB)","₹47,999",4.3
9,"vivo X80 Pro (Cosmic Black, 256 GB)","₹46,498",4.4
10,"Motorola Edge 50 Ultra 5G (Peach Fuzz, 512 GB)","₹49,999",4.1
11,"Honor 200 Pro 5G (Black, 512 GB)","₹41,999",4.4
12,"vivo V40 Pro 5G (Ganges Blue, 256 GB)","₹49,999",4.3
13,"Google Pixel 8a (Obsidian, 256 GB)","₹44,999",4.2
14,"IQOO 12 5G (Legend, 512 GB)","₹49,995",4.6
15,"SAMSUNG Galaxy S23 5G (Phantom Black, 128 GB)","₹44,999",4.5
16,"IQOO Neo9 Pro (Conqueror Black, 256 GB)","₹41,500",4.2
17,"realme GT 5G (Dashing Silver, 128 GB)","₹40,999",4.4
18,"OPPO Reno 12 Pro 5G (Sunset Gold, 512 GB)","₹40,999",4.6
19,"SAMSUNG S23 5G (Green, 128 GB)","₹44,999",4.5
20,"OPPO Reno13 Pro 5G (Graphite Grey, 256 GB)","₹49,999",4.6
21,"IQOO 12 5G (Legend, 256 GB)","₹46,900",4.2
22,"OnePlus 10 Pro 5G (Volcanic Black, 128 GB)","₹45,999",4.3
23,"Xiaomi 14 CIVI (Aqua Blue, 512 GB)","₹44,999",4.3
24,"Google Pixel 8a (Aloe, 128 GB)","₹37,999",4.3
25,"vivo V40 5G (Lotus Purple, 512 GB)","₹42,999",4.6
26,"Xiaomi 14 CIVI (Cruise Blue, 512 GB)","₹43,999",4.3
27,"vivo X90 (Asteroid Black, 256 GB)","₹48,778",4.3
28,"SAMSUNG Galaxy A55 5G (Awesome Iceblue, 256 GB)","₹45,999",4.3
29,"Infinix Zero Flip 5G (Blossom Glow, 512 GB)","₹49,999",4.3
30,"SAMSUNG Galaxy S24 FE 5G (Mint, 128 GB)","₹41,535",4.4
31,"realme GT NEO 3 (150W) (Asphalt Black, 256 GB)","₹42,999",4.3
32,"Xiaomi 14 CIVI (Hot Pink, 512 GB)","₹44,999",4.3
33,"SAMSUNG S23 5G (Cream, 256 GB)","₹49,999",4.6
34,"SAMSUNG Galaxy A56 5G (Awesome Light Gray, 256 GB)","₹47,999",4.6
35,"SAMSUNG Galaxy A55 5G (Awesome Navy, 256 GB)","₹38,988",4.3
36,"SAMSUNG Galaxy S24 FE 5G (Graphite, 256 GB)","₹46,980",4.4
37,"Google Pixel 8a (Bay, 128 GB)","₹37,999",4.3
38,"vivo V40 Pro 5G (Titanium Grey, 256 GB)","₹49,999",4.4
39,"vivo X80 (Cosmic Black, 128 GB)","₹54,999",4.4
40,"SAMSUNG Galaxy S23 5G (Cream, 128 GB)","₹44,999",4.6
41,"Apple iPhone 11 (Black, 128 GB)","₹48,900",4.6
42,"SAMSUNG Galaxy A55 5G (Awesome Navy, 128 GB)","₹32,999",4.4
43,"Samsung Galaxy S21 FE 5G with Snapdragon 888 (Olive, 128 GB)","₹45,999",4.3
44,"Apple 12 (White, 64 GB)","₹48,900",4.6
45,"Samsung Galaxy S21 FE 5G with Snapdragon 888 (Navy, 128 GB)","₹45,999",4.3
46,"SAMSUNG Galaxy A54 5G (Awesome Graphite, 256 GB)","₹35,499",4.3
47,"OPPO Reno 12 Pro 5G (Space Brown, 512 GB)","₹40,999",4.4
48,"SAMSUNG Galaxy S24 FE 5G (Mint, 256 GB)","₹47,389",4.4
49,"OPPO 13 5G (LUMINOUS BLUE, IVORY WHITE, 128 GB)","₹41,899",4.4
50,"SAMSUNG Galaxy S24 FE 5G (Blue, 128 GB)","₹41,520",4.6
51,"SAMSUNG Galaxy S23 5G (Lavender, 256 GB)","₹49,999",4.4
52,"vivo X90 (Asteroid Black, 256 GB)","₹42,990",4.4
53,"SAMSUNG S7 (Gold Platinum, 32 GB)","₹46,000",4.1
54,"Xiaomi 12 Pro 5G (Couture Blue, 256 GB)","₹41,999",4.3
55,"Infinix Zero Flip 5G (Rock Black, 512 GB)","₹49,999",4.2
56,"IQOO 12 5G (Alpha, 512 GB)","₹49,995",4.6
57,"SAMSUNG Galaxy A56 5G (Awesome Olive, 256 GB)","₹47,999",4.4
58,"SAMSUNG Galaxy S24 FE 5G (Graphite, 128 GB)","₹41,919",4.4
59,"Samsung Galaxy S21 FE 5G with Snapdragon 888 (Graphite, 128 GB)","₹45,999",4.3
60,"Google Pixel 6a (Chalk, 128 GB)","₹43,999",4.6
61,"IQOO Neo 9 Pro (Conqueror Black, 256 GB)","₹42,000",4.2
62,"SAMSUNG A52s 5G (Awesome Black, 128 GB)","₹40,999",4.5
63,"IQOO 3 (Quantum Silver, 256 GB)","₹40,990",4.8
64,"SAMSUNG Galaxy A56 5G (Awesome Light Gray, 128 GB)","₹44,695",4.8
65,"SAMSUNG Galaxy A56 5G (Awesome Graphite, 128 GB)","₹44,695",4.3
66,"Google Pixel 7 Pro (Obsidian, 128 GB)","₹44,999",4.6
67,"IQOO Neo 9 Pro (Fiery Red, 256 GB)","₹41,500",4.6
68,"SAMSUNG Galxy A56 5G (Awesome Olive, 128 GB)","₹41,999",4.3
69,"Xiaomi 12 Pro 5G (Noir Black, 256 GB)","₹41,999",4.1
70,"Apple iPhone 8 Plus (Silver, 64 GB)","₹49,900",4.6
71,"Motorola Edge 30 Fusion (Cosmic grey, 128 GB)","₹42,999",4.2
72,"SAMSUNG A73 5G (Awesome Gray, 128 GB)","₹41,999",4.2
73,"realme X50 Pro (Moss Green, 256 GB)","₹47,999",4.4
74,"Apple iPhone SE (Red, 128 GB)","₹44,900",4.5
75,"Apple Phone SE (Black, 128 GB)","₹44,900",4.4
76,"Apple iPhone 8 Plus (Space Grey, 64 GB)","₹49,900",4.6
77,"LG G Pro 2 (Titan, 16 GB)","₹42,021",4.5
78,"Apple iPhone 7 Plus (Gold, 128 GB)","₹42,900",4.5
79,"Apple iPhone XR (Yellow, 64 GB) (Includes EarPods, Power Adapter)","₹47,900",4.6
80,"Apple SE 3rd Gen (Product (Red), 64 GB)","₹47,600",4.4
81,"Google Pixel 6a (Charcoal, 128 GB)","₹43,999",4.3
82,"Apple iPhone XR (White, 64 GB) (Includes EarPods, Power Adapter)","₹47,900",4.6
83,"realme GT 6 (Fluid Silver, 512 GB)","₹37,999",4.5
84,"vivo V50 5G (Rose Red, 256 GB)","₹36,999",4.5
85,"OnePlus 12R (Sunset Dune, 256 GB)","₹35,450",4.5
86,"OnePlus 12R (Iron Gray, 256 GB)","₹37,799",4.5
87,"realme GT 6 (Razor Green, 512 GB)","₹39,999",4.5
88,"vivo V50 5G (Starry Night, 256 GB)","₹36,999",4.5
89,"Apple iPhone 11 (White, 64 GB)","₹43,900",4.6
90,"vivo V27 5G (Magic Blue, 256 GB)","₹40,999",4.4
91,"OnePlus 7T Pro Mclaren Limited Edition (Papaya Orange, 256 GB)","₹44,990",4.1
92,"OnePlus 12R (Iron Gray, 256 GB)","₹37,799",4.5
93,"realme GT 6 (Fluid Silver, 256 GB)","₹35,999",4.5
94,"OnePlus 12R (Cool Blue, 128 GB)","₹37,980",4.5
95,"SAMSUNG Galaxy A36 5G (Awesome Black, 256 GB)","₹38,999",4.2
96,"SAMSUNG Galaxy A36 5G (Awesome White, 256 GB)","₹35,999",4.3
97,"OnePlus Nord 4 5G (Obsidian Midnight, 256 GB)","₹30,995",4.5
98,"Xiaomi 14 CIVI (Shadow Black, 256 GB)","₹39,999",4.3
99,"OnePlus Nord 4 5G (Mercurial Silver, 256 GB)","₹30,961",4.5
100,"OnePlus 12R (Iron Gray, 128 GB)","₹37,999",4.5
101,"SAMSUNG Galaxy A55 5G (Awesome Iceblue, 128 GB)","₹34,999",4.4
102,"SAMSUNG Galaxy A55 5G (Awesome Navy, 128 GB)","₹32,999",4.4
103,"REDMI Note 14 Pro+ 5G (Phantom Purple, 512 GB)","₹35,999",4.4
104,"OnePlus 12R (Sunset Dune, 256 GB)","₹35,450",4.5
105,"Xiaomi 14 CIVI (Matcha Green, 256 GB)","₹39,999",4.3
106,"vivo V30 Pro 5G (Andaman Blue, 512 GB)","₹39,999",4.5
107,"vivo V30 Pro 5G (Classic Black, 512 GB)","₹39,999",4.5
108,"REDMI Note-14 Pro+ 5G (Spectre Blue, 512 GB)","₹39,999",4.6
109,"SAMSUNG Galaxy A36 5G (Awesome Lavender, 256 GB)","₹38,999",4.2
110,"Xiaomi 14 CIVI (Cruise Blue, 256 GB)","₹39,999",4.3
111,"vivo V40 5G (Ganges Blue, 256 GB)","₹36,999",4.5
112,"OPPO Reno13 5G (Ivory White, 256 GB)","₹39,999",4.4
113,"OPPO Reno13 5G (Blue, 128 GB)","₹37,999",4.4
114,"realme GT 6T 5G (Fluid Silver, 256 GB)","₹29,778",4.5
115,"realme 14 Pro+ 5G (Suede Grey, 512 GB)","₹37,999",4.4
116,"REDMI Note 14 Pro+ 5G (Spectre Blue, 512 GB)","₹35,999",4.4
117,"SAMSUNG Galaxy A55 5G (Awesome Navy, 256 GB)","₹36,999",4.4
118,"OPPO Reno13 5G (Luminous Blue, 256 GB)","₹39,999",4.4
119,"OPPO Reno13 5G (Ivory White, 128 GB)","₹37,999",4.4
120,"OnePlus 10 Pro 5G (Emerald Forest, 128 GB)","₹35,999",4.2
121,"IQOO NEO9 PRO (Fiery Red, 256 GB)","₹38,999",4.5
122,"Honor 200 5G (Moonlight White, 512 GB)","₹34,999",4.1
123,"OnePlus 11 5G (Eternal Green, 128 GB)","₹34,939",4.4
124,"OPPO Reno8T 5G (Midnight Black, 128 GB)","₹38,999",4.3
125,"realme 14 Pro+ 5G (Pearl White, 512 GB)","₹37,999",4.4
126,"OnePlus 11 5G (Eternal Green, 128 GB)","₹34,739",4.4
127,"OPPO 12 Pro 5G (Manish Malhotra Limited Edition, 256 GB)","₹36,999",4.5
128,"IQOO NEO9 PRO (Fiery Red, 128 GB)","₹31,899",4.5
129,"vivo V27 5G (Magic Blue, 256 GB)","₹36,999",4.4
130,"vivo V25 Pro 5G (Sailing Blue, 128 GB)","₹35,999",4.3
131,"vivo V25 Pro 5G (Pure Black, 128 GB)","₹35,999",4.3
132,"vivo V23 Pro 5G (Sunshine Gold, 128 GB)","₹38,990",4.3
133,"Mi 10T (Cosmic Black, 128 GB)","₹37,999",4.1
134,"vivo V23 Pro 5G (Stardust Black, 128 GB)","₹38,990",4.3
135,"Mi 10T (Cosmic Black, 128 GB)","₹35,999",4.2
136,"OPPO Reno8T 5G (Sunrise Gold, 128 GB)","₹38,999",4.3
137,"OPPO Reno 12 Pro 5G (Sunset Gold, 256 GB)","₹36,999",4.4
138,"vivo V29 Pro 5G (Black, 256 GB)","₹39,999",4.5
139,"SAMSUNG Galaxy A54 5G (Awesome Lime, 256 GB)","₹37,499",4.3
140,"realme GT Neo 3 (Nitro Blue, 128 GB)","₹36,999",4.2
141,"OPPO Reno13 5G (Sky Blue, 256 GB)","₹39,999",4.4
142,"Xiaomi 12 Pro 5G (Noir Black, 256 GB)","₹39,990",4.1
143,"vivo V29 Pro 5G (Blue, 256 GB)","₹38,768",4.5
144,"SAMSUNG Galaxy A53 (Awesome Blue, 128 GB)","₹35,999",4.1
145,"SAMSUNG Galaxy S23 FE (Mint, 256 GB)","₹37,999",4.4
146,"SAMSUNG Galaxy S23 FE (Graphite, 256 GB)","₹37,999",4.4
147,"SAMSUNG Galaxy S23 FE (Purple, 256 GB)","₹37,999",4.4
148,"OPPO Reno10 Pro 5G (Glossy Purple, 256 GB)","₹37,999",4.3
149,"OPPO Reno10 Pro 5G (Silvery Grey, 256 GB)","₹37,999",4.3
150,"IQOO Neo9 Pro (Conqueror Black, 128 GB)","₹33,185",4.5
151,"OPPO Reno10 Pro+ 5G (Silvery Grey, 256 GB)","₹54,999",4.5
152,"OPPO Reno8 5G (Shimmer Black, 128 GB)","₹26,999",4.3
153,"SAMSUNG Galaxy S21 FE 5G (Graphite, 128 GB)","₹39,999",4.3
154,"Mi 10T Pro (Cosmic Black, 128 GB)","₹39,999",4.2
155,"realme GT Neo 3 (Asphalt Black, 256 GB)","₹38,999",4.2
156,"IQOO 3 (Quantum Silver, 128 GB)","₹37,990",4.5
157,"SAMSUNG Galaxy S21 FE 5G (White, 128 GB)","₹39,999",4.3
158,"OnePlus 11R 5G (Sonic Black, 256 GB)","₹38,999",4.5
159,"OnePlus 10R (Forest Green, 128 GB)","₹36,574",4.3
160,"Mi Mix 2 (Black, 128 GB)","₹37,999",4.3
161,"SAMSUNG Galaxy A54 5G (Awesome White, 256 GB)","₹37,499",4.3
162,"Infinix Zero Ultra (Genesis Noir, 256 GB)","₹36,999",4
163,"Apple iPhone SE (Black, 64 GB)","₹39,900",4.5
164,"realme X2 Pro (Neptune Blue, 256 GB)","₹35,999",4.6
165,"vivo X50 (Glaze Black, 128 GB)","₹39,990",4.3
166,"Tecno Phantom X2 (Moonlight Silver, 256 GB)","₹36,890",4
167,"vivo T3 Lite 5G (Majestic Black, 128 GB)","₹11,499",4.4
168,"vivo T3 Lite 5G (Vibrant Green, 128 GB)","₹11,499",4.4
169,"vivo T3 Lite 5G (Vibrant Green, 128 GB)","₹10,499",4.4
170,"vivo T3 Lite 5G (Majestic Black, 128 GB)","₹10,499",4.4
171,"Apple iPhone 16 Plus (Black, 512 GB)","₹1,14,900",4.6
172,"Apple iPhone 16 Plus (Black, 256 GB)","₹94,900",4.6
173,"Apple iPhone 16 (Black, 128 GB)","₹74,900",4.6
174,"Apple iPhone 16 (Black, 256 GB)","₹84,900",4.6
175,"Apple 16 (White, 256 GB)","₹84,900",4.6
176,"Apple 16 (White, 128 GB)","₹74,900",4.6
177,"Apple iPhone 16 Plus (Teal, 512 GB)","₹1,14,900",4.6
178,"Apple 16 Plus (Black, 128 GB)","₹84,900",4.6
179,"Apple iPhone 16 Plus (Teal, 128 GB)","₹84,900",4.6
180,"Apple iPhone 16 (Ultramarine, 256 GB)","₹84,900",4.6
181,"Apple iPhone 16 (Ultramarine, 128 GB)","₹74,900",4.6
182,"Apple iPhone 16 (Teal, 128 GB)","₹74,900",4.6
183,"Apple 16 (Teal, 256 GB)","₹84,900",4.6
184,"Apple 16 Plus (Ultramarine, 256 GB)","₹94,900",4.6
185,"Apple 16 Plus (Ultramarine, 128 GB)","₹84,900",4.6
186,"vivo T4x 5G (Marine Blue, 128 GB)","₹14,999",4.5
187,"vivo T4x 5G (Pronto Purple, 128 GB)","₹13,999",4.5
